{
  "timestamp": "2026-05-17T00:09:47.710008",
  "model_type": "XGBoost_Direction + LightGBM_Magnitude",
  "walk_forward_splits": 5,
  "avg_sharpe_ratio": 20.175144325076225,
  "avg_sortino_ratio": 33.98894548548482,
  "avg_max_drawdown": 0.504385983035597,
  "kelly_fraction": 0.0,
  "features_count": 22
}